{"useMicroState": {"ch5.mdx": {"mod_time": 1718626882.6563568, "reviewer_count": 2}, "ch6.mdx": {"mod_time": 1718626882.6563568, "reviewer_count": 2}, "ch10.mdx": {"mod_time": 1718626882.6563568, "reviewer_count": 2}, "ch11.mdx": {"mod_time": 1718626882.6563568, "reviewer_count": 2}, "ch1.mdx": {"mod_time": 1718626882.6563568, "reviewer_count": 2}, "ch4.mdx": {"mod_time": 1718626882.6563568, "reviewer_count": 2}, "ch3.mdx": {"mod_time": 1718626882.6563568, "reviewer_count": 2}, "ch9.mdx": {"mod_time": 1718626882.6563568, "reviewer_count": 2}, "ch7.mdx": {"mod_time": 1718626882.6563568, "reviewer_count": 2}, "ch8.mdx": {"mod_time": 1718626882.6563568, "reviewer_count": 2}, "ch2.mdx": {"mod_time": 1718626882.6563568, "reviewer_count": 2}}}